3;a;b;c;d
78;a;b;c;d
79;a;b;c;d
24;a;b;c;d
102;a;b;c;d
36;a;b;c;d
131;a;b;c;d
60;a;b;c;d
125;a;b;c;d
109;a;b;c;d
64;a;b;c;d
2;a;b;c;d
169;a;b;c;d
29;a;b;c;d
73;a;b;c;d
40;a;b;c;d
44;a;b;c;d
163;a;b;c;d
174;a;b;c;d
104;a;b;c;d
82;a;b;c;d
105;a;b;c;d
85;a;b;c;d
116;a;b;c;d
108;a;b;c;d
147;a;b;c;d
69;a;b;c;d
41;a;b;c;d
58;a;b;c;d
34;a;b;c;d
43;a;b;c;d
19;a;b;c;d
7;a;b;c;d
170;a;b;c;d
52;a;b;c;d
161;a;b;c;d
103;a;b;c;d
150;a;b;c;d
179;a;b;c;d
138;a;b;c;d
54;a;b;c;d
184;a;b;c;d
50;a;b;c;d
132;a;b;c;d
140;a;b;c;d
56;a;b;c;d
142;a;b;c;d
53;a;b;c;d
94;a;b;c;d
189;a;b;c;d
149;a;b;c;d
